id,title,author,year
1,Recruiter,Wolfgang Tierney,1960
2,Food Chemist,Johna Pettett,1946
3,Account Executive,Daphne Blowick,1989
4,Senior Editor,Fiorenze Fleeman,1964
5,Staff Scientist,Shae Braisted,1986
6,Programmer III,Amalia Cottell,1999
7,Librarian,Sheri Lammenga,1984
8,Geological Engineer,Meris Pluthero,1973
9,Biostatistician IV,Correy Sine,1984
10,Physical Therapy Assistant,Luisa Barfford,1993
11,Safety Technician I,Jamey Rayman,1966
12,Food Chemist,Rosella Semiras,1995
13,GIS Technical Architect,Fawne Wegener,1978
14,Human Resources Manager,Drucill Selliman,1945
15,VP Marketing,Vonni Jutson,1980
16,Information Systems Manager,Katrine Tuckett,1964
17,Nuclear Power Engineer,Kellyann Renfree,1976
18,Operator,Krissie Wippermann,1963
19,Mechanical Systems Engineer,Idette Brownell,1955
20,Engineer III,Daniel Ritson,1978
21,Data Coordinator,Cheston Masser,1971
22,GIS Technical Architect,Palmer Sever,1949
23,Dental Hygienist,Dorothy Thormann,1966
24,Geological Engineer,Arther Iiannone,1989
25,Geologist III,Morrie Havelin,1975
26,Physical Therapy Assistant,Amalia Duplain,1966
27,Help Desk Operator,Portia Gerin,1993
28,Assistant Media Planner,Solomon Marsie,1984
29,Financial Advisor,Horatio Hatherill,1958
30,Computer Systems Analyst I,Stavros Gunby,1981
31,Senior Developer,Taffy Varndell,1950
32,Software Consultant,Orville Clemencon,1982
33,Recruiter,Alana Biasioli,1984
34,Developer II,Raleigh Terrans,1988
35,Payment Adjustment Coordinator,Dion Broadis,1999
36,Office Assistant III,Joann Pingston,1995
37,Senior Sales Associate,Oralia Naisbet,1963
38,Social Worker,Artie Macken,1982
39,Analyst Programmer,Laure Struss,1991
40,Registered Nurse,Alessandra Spilstead,1979
41,Budget/Accounting Analyst III,Lawrence Sickamore,1945
42,Automation Specialist III,Alfie Losebie,1947
43,Media Manager I,Frederick Edmondson,1958
44,Budget/Accounting Analyst II,Tabina Maunder,1976
45,Social Worker,Lorne Bamling,1993
46,Sales Representative,Moselle Gunda,1959
47,Senior Cost Accountant,Ximenes Oseman,1950
48,Human Resources Assistant II,Deloris Meldon,1977
49,Database Administrator II,Garv Dingsdale,1973
50,Senior Editor,Andrea Tompion,1973
